Sample,,,,,,,leucine Results,phenylalanine Results,isoleucine Results,tryptophan Results,methionine Results,proline Results,valine Results,tyrosine Results,glucose Results,alanine Results,threonine Results,glutamine Results,glycine Results,asparagine Results,histidine Results,serine Results,glutamate Results,aspartate Results,lysine Results,arginine Results
,,Name,Data File,Type,Level,Acq. Date-Time,Final Conc.,Final Conc.,Final Conc.,Final Conc.,Final Conc.,Final Conc.,Final Conc.,Final Conc.,Final Conc.,Final Conc.,Final Conc.,Final Conc.,Final Conc.,Final Conc.,Final Conc.,Final Conc.,Final Conc.,Final Conc.,Final Conc.,Final Conc.
!,!,OAA2_100_1,20151123_SJ_OAM1_6460_OAA2_100_1_HLPos_OAA2_100_1_CC_001.d,Cal,5,11/25/2015 1:10 PM,98271.1147,105638.0265,104417.5952,110921.3220,101031.2986,103584.7897,104383.8685,12218.6051,125712.0587,106236.5032,111760.7773,112814.1930,111788.6120,126826.4872,97834.0787,121143.7200,121906.4412,130784.7968,124630.3555,116730.3451
!,!,OAA2_100_1,20151123_SJ_OAM1_6460_OAA2_100_1_HLPos_OAA2_100_1_CC_006.d,Cal,5,11/25/2015 4:33 PM,91986.6477,93925.4729,95888.1950,99333.3535,93291.8436,92664.7368,95075.5745,9691.0847,107371.7246,95356.4190,101575.2277,101620.0393,102581.0434,113173.4553,91015.5479,109372.2429,109260.2552,122921.7411,108724.2979,103363.5179
,!,OAA2_100_1,20151123_SJ_OAM1_6460_OAA2_100_1_HLPos_OAA2_100_1_CC_011.d,Cal,5,11/25/2015 7:57 PM,98049.6649,102496.3786,103039.1871,97730.5302,99901.4116,101873.3349,101816.3761,11225.8582,121085.7681,103184.2683,111343.4842,111244.7480,106746.5409,123644.6403,89985.7446,116935.1761,119284.9482,130160.9927,118825.9913,110217.2571
!,!,OAA2_100_2,20151123_SJ_OAM1_6460_OAA2_100_2_HLPos_OAA2_100_2_CC_016.d,Cal,5,11/27/2015 9:15 AM,100311.5929,107149.3256,94865.0484,107817.1020,103537.8672,109282.7624,104132.5416,10658.9546,103232.3712,104845.5689,98883.8606,99212.0401,99138.8811,88598.2077,104170.3593,91729.4308,89493.7771,78159.5985,98015.4426,99239.8979
!,!,OAA2_100_2,20151123_SJ_OAM1_6460_OAA2_100_2_HLPos_OAA2_100_2_CC_021.d,Cal,5,11/27/2015 12:39 PM,96300.2770,98025.1689,99704.8464,95766.3438,95514.0620,98229.6382,96110.1682,9985.3199,99865.5252,95365.2106,93902.4595,92570.3425,86784.4339,80591.4867,92535.2992,82272.8901,83455.2711,71366.0097,85226.3133,89593.9839
,!,OAA2_100_2,20151123_SJ_OAM1_6460_OAA2_100_2_HLPos_OAA2_100_2_CC_026.d,Cal,5,11/27/2015 4:02 PM,106085.7998,105480.5946,105393.8471,104587.2880,103595.1191,107378.7813,104584.5242,10067.3986,87449.5854,104021.0947,99747.4627,96039.9567,93611.9822,80416.9720,103732.3727,85111.7028,84047.3637,69471.3062,86501.6968,94301.2964
,!,OAA2_50_1,20151123_SJ_OAM1_6460_OAA2_50_1_HLPos_OAA2_50_1_CC_002.d,Cal,4,11/25/2015 1:50 PM,49882.6272,40754.3930,47272.0027,41126.7764,46244.8647,39153.5082,43689.4602,3305.1130,32574.4229,43207.0832,41477.6227,39718.8732,48853.7139,45747.3875,55551.4870,47553.8270,46988.7424,54124.9276,43822.0930,44712.0573
,!,OAA2_50_1,20151123_SJ_OAM1_6460_OAA2_50_1_HLPos_OAA2_50_1_CC_007.d,Cal,4,11/25/2015 5:14 PM,54835.7355,48647.7043,56231.8878,50582.9218,52635.5390,46513.5863,51608.8977,4094.2506,41612.9721,50722.2560,49633.9908,52300.7443,54200.8408,56594.5849,58832.4658,56601.1139,58494.7852,64498.1270,52392.6488,53214.4660
,!,OAA2_50_1,20151123_SJ_OAM1_6460_OAA2_50_1_HLPos_OAA2_50_1_CC_012.d,Cal,4,11/25/2015 8:37 PM,53120.7852,46674.7361,48191.0521,46931.9467,52512.0903,46098.6569,48804.2033,3805.1651,36337.4186,47702.4312,46410.2231,49183.1221,52677.2023,51669.1931,55645.7920,52225.0829,54368.1363,60144.4163,47661.5525,48919.3648
!,!,OAA2_50_2,20151123_SJ_OAM1_6460_OAA2_50_2_HLPos_OAA2_50_2_CC_017.d,Cal,4,11/27/2015 9:56 AM,48361.7381,42180.5841,41552.4442,40586.6561,46092.1139,42922.2728,43052.3737,3431.8239,32363.4780,42579.8056,39492.2578,40054.9731,43925.4006,37843.2713,51537.2350,40154.1725,39333.3902,36179.5504,36226.1648,38833.5934
,!,OAA2_50_2,20151123_SJ_OAM1_6460_OAA2_50_2_HLPos_OAA2_50_2_CC_022.d,Cal,4,11/27/2015 1:19 PM,53578.2640,49049.9760,50487.5840,43115.6447,53727.6261,49902.8211,50318.8279,3995.6372,38535.9234,49329.2402,45669.0479,46904.4149,46441.0207,41463.0277,56879.4280,44435.4472,45098.6992,38432.6584,38957.0336,43911.0187
,!,OAA2_50_2,20151123_SJ_OAM1_6460_OAA2_50_2_HLPos_OAA2_50_2_CC_027.d,Cal,4,11/27/2015 4:43 PM,53870.3420,46254.8271,47884.7447,44629.5627,52320.9407,47158.3189,47917.8495,3679.8252,30897.6643,46791.2324,42735.5707,43289.1750,48236.8387,38670.5185,58767.8541,43135.8522,40572.7026,39685.6598,37135.8109,41601.4068
,!,OAA2_10_1,20151123_SJ_OAM1_6460_OAA2_10_1_HLPos_OAA2_10_1_CC_003.d,Cal,3,11/25/2015 2:31 PM,13980.8620,10578.5572,10672.6670,10169.3129,12067.7332,11432.4346,11936.8292,941.5192,6433.4530,11343.6346,9869.2052,10151.6403,13962.3533,11361.1681,14230.2902,12662.2518,10298.0520,11900.4214,9907.0089,12550.8110
,!,OAA2_10_1,20151123_SJ_OAM1_6460_OAA2_10_1_HLPos_OAA2_10_1_CC_008.d,Cal,3,11/25/2015 5:55 PM,15463.3975,11783.0833,11933.4093,11864.3587,13774.1803,12750.3095,13384.1213,1017.8346,7496.1175,12417.3797,10956.2655,11322.7134,15338.2003,12644.9732,15648.7009,13954.9228,11720.6123,13531.7090,11134.5725,13352.5539
!,!,OAA2_10_1,20151123_SJ_OAM1_6460_OAA2_10_1_HLPos_OAA2_10_1_CC_013.d,Cal,3,11/25/2015 9:18 PM,13535.0977,10804.6667,12776.8167,10717.2697,12589.2354,11845.9866,12155.3361,952.4388,8126.8769,11351.3162,10147.5449,11361.5706,13861.2611,11597.0184,13687.0395,12706.7000,10796.4638,12309.4034,10033.6089,12253.1127
!,!,OAA2_10_2,20151123_SJ_OAM1_6460_OAA2_10_2_HLPos_OAA2_10_2_CC_018.d,Cal,3,11/27/2015 10:37 AM,12512.6473,10016.1507,11818.2026,9477.1838,11468.1412,11054.6080,11034.5385,930.3293,7990.3186,10495.2401,9533.4313,10713.8742,12435.7306,10287.0470,13220.0927,11069.1983,8998.1362,9862.4631,9206.1188,9742.2951
,!,OAA2_10_2,20151123_SJ_OAM1_6460_OAA2_10_2_HLPos_OAA2_10_2_CC_023.d,Cal,3,11/27/2015 2:00 PM,12301.5769,9617.4185,10213.1661,9137.7416,10757.8140,10798.3635,10569.8379,881.6269,8600.5604,9836.5900,8572.7227,10950.6907,12675.1184,9496.7269,11372.4591,10753.7061,8294.0209,8233.2028,8282.8402,9637.3154
,!,OAA2_10_2,20151123_SJ_OAM1_6460_OAA2_10_2_HLPos_OAA2_10_2_CC_028.d,Cal,3,11/27/2015 5:24 PM,15052.8890,11667.3446,11516.7416,11351.2322,13627.4139,12881.6112,13009.0093,1029.2016,9800.3301,12619.6165,10789.5261,12672.0780,14151.9462,11668.5760,15355.6608,12742.4635,10740.4012,10262.0423,9980.0538,11261.0233
!,!,OAA2_1_1,20151123_SJ_OAM1_6460_OAA2_1_1_HLPos_OAA2_1_1_CC_004.d,Cal,2,11/25/2015 3:12 PM,4210.4083,4492.9755,3924.2348,4583.4340,3543.8097,4801.9013,4356.4215,564.9618,5452.9522,4084.3121,4277.0545,4764.8379,4819.6021,4570.8776,2358.3691,4704.6317,3949.2318,4132.7370,4979.6738,6564.1610
,!,OAA2_1_1,20151123_SJ_OAM1_6460_OAA2_1_1_HLPos_OAA2_1_1_CC_009.d,Cal,2,11/25/2015 6:35 PM,0.0000,1714.9698,591.4220,2171.5323,0.0000,1259.8193,628.1016,417.6041,5204.1393,1033.2960,2151.1364,1739.5562,0.0000,1567.6855,0.0000,728.8053,1419.2884,685.3796,2677.7333,2320.2920
,!,OAA2_1_1,20151123_SJ_OAM1_6460_OAA2_1_1_HLPos_OAA2_1_1_CC_014.d,Cal,2,11/25/2015 9:59 PM,0.0000,1288.3465,218.4753,1841.9359,0.0000,808.8397,135.6926,398.7106,5051.2359,661.1249,1930.5496,1147.5200,0.0000,1123.9729,0.0000,116.4446,1064.9805,225.0363,2412.3266,1337.8243
!,!,OAA2_1_2,20151123_SJ_OAM1_6460_OAA2_1_2_HLPos_OAA2_1_2_CC_019.d,Cal,2,11/27/2015 11:17 AM,0.0000,1293.9894,178.5225,1820.2642,0.0000,892.4537,198.6209,393.4603,4783.6137,713.6999,1957.0154,1348.2437,0.0000,1207.0500,0.0000,169.3451,1097.6334,209.9512,2422.7609,1539.2236
,!,OAA2_1_2,20151123_SJ_OAM1_6460_OAA2_1_2_HLPos_OAA2_1_2_CC_024.d,Cal,2,11/27/2015 2:41 PM,0.0000,1247.8537,104.5915,1836.5739,0.0000,800.8420,77.1822,382.1954,5056.8100,617.0182,1876.5628,1075.4745,0.0000,1047.7355,0.0000,0.0000,982.0128,54.1479,2306.4541,915.2686
!,!,OAA2_1_2,20151123_SJ_OAM1_6460_OAA2_1_2_HLPos_OAA2_1_2_CC_029.d,Cal,2,11/27/2015 6:04 PM,0.0000,1289.0896,114.0969,1684.3677,0.0000,832.7706,132.6280,386.2288,5201.0445,661.4488,1919.0864,1246.3253,0.0000,1094.1407,0.0000,59.7691,1053.4348,136.0740,2367.0521,1264.6154
!,!,OAA2_0_1_1,20151123_SJ_OAM1_6460_OAA2_0_1_1_HLPos_OAA2_0_1_1_CC_005.d,Cal,1,11/25/2015 3:52 PM,0.0000,824.0432,0.0000,1322.2043,0.0000,310.3318,0.0000,369.8904,4872.0872,268.5032,1676.4215,548.9233,0.0000,665.0389,0.0000,0.0000,687.6414,0.0000,2154.4756,199.0311
,!,OAA2_0_1_1,20151123_SJ_OAM1_6460_OAA2_0_1_1_HLPos_OAA2_0_1_1_CC_010.d,Cal,1,11/25/2015 7:16 PM,0.0000,2352.8548,1409.8983,2580.0150,748.0494,2201.3145,1548.8944,450.0663,5313.3749,1777.6403,2664.5760,2767.9435,1375.6734,2291.8538,0.0000,1750.2015,2075.4223,1398.7182,3150.6366,3740.1343
!,!,OAA2_0_1_1,20151123_SJ_OAM1_6460_OAA2_0_1_1_HLPos_OAA2_0_1_1_CC_015.d,Cal,1,11/25/2015 10:39 PM,0.0000,344.0228,0.0000,764.4627,0.0000,0.0000,0.0000,346.6254,5150.5125,0.0000,1417.2601,0.0000,0.0000,193.8341,0.0000,0.0000,294.1034,0.0000,1871.0970,0.0000
!,!,OAA2_0_1_2,20151123_SJ_OAM1_6460_OAA2_0_1_2_HLPos_OAA2_0_1_2_CC_020.d,Cal,1,11/27/2015 11:58 AM,0.0000,337.7311,0.0000,727.8497,0.0000,0.0000,0.0000,347.0380,4816.1542,0.0000,1413.5454,0.0000,0.0000,183.6876,0.0000,0.0000,269.4828,0.0000,1870.4707,0.0000
!,!,OAA2_0_1_2,20151123_SJ_OAM1_6460_OAA2_0_1_2_HLPos_OAA2_0_1_2_CC_025.d,Cal,1,11/27/2015 3:22 PM,0.0000,331.5578,0.0000,742.3146,0.0000,0.0000,0.0000,346.1562,5164.3576,0.0000,1406.6445,0.0000,0.0000,178.8607,,0.0000,284.0404,0.0000,1861.9269,0.0000
!,!,OAA2_0_1_2,20151123_SJ_OAM1_6460_OAA2_0_1_2_HLPos_OAA2_0_1_2_CC_030.d,Cal,1,11/27/2015 6:45 PM,0.0000,338.1572,0.0000,678.4988,0.0000,0.0000,0.0000,345.0764,5047.1491,0.0000,1409.4668,0.0000,0.0000,180.5208,0.0000,0.0000,270.5296,0.0000,1861.7880,0.0000
!,!,3B10-C-t9-d1,20151123_SJ_OAM1_6460_3B10-C-t9-d1_HLPos_3B10-C-t9-d1_007.d,Sample,,11/23/2015 7:32 PM,0.0000,56280.8333,0.0000,23211.8240,71226.7137,0.0000,0.0000,397.8059,13711.9098,279.8392,1366.8969,277.6887,0.0000,109.6591,0.0000,0.0000,1299.6330,0.0000,1835.4878,0.0000
!,!,3B10-B-t10-d1,20151123_SJ_OAM1_6460_3B10-B-t10-d1_HLPos_3B10-B-t10-d1_008.d,Sample,,11/23/2015 8:13 PM,0.0000,46878.3265,0.0000,17636.7773,62177.8586,0.0000,0.0000,365.9720,12572.9792,0.0000,1358.8798,0.0000,0.0000,99.2170,0.0000,0.0000,1182.3195,0.0000,1832.0150,0.0000
!,!,3B10-C-t6-d1,20151123_SJ_OAM1_6460_3B10-C-t6-d1_HLPos_3B10-C-t6-d1_009.d,Sample,,11/23/2015 8:53 PM,0.0000,78317.2561,0.0000,55360.8341,59177.8934,55930.7651,2278.5746,1683.1543,14453.8410,2033.7007,1362.4676,25.0984,99912.7646,104.9533,0.0000,0.0000,1106.9860,0.0000,73562.4262,0.0000
!,!,9B05-B-t9-d1,20151123_SJ_OAM1_6460_9B05-B-t9-d1_HLPos_9B05-B-t9-d1_010.d,Sample,,11/23/2015 9:34 PM,14781.5812,252.3252,10611.3895,43888.6691,42643.0549,0.0000,28387.8766,380.0319,6560.8813,0.0000,22438.8947,0.0000,0.0000,88.0410,0.0000,0.0000,534.3928,0.0000,1901.3995,0.0000
,!,medB-x-t0-x,20151123_SJ_OAM1_6460_medB-x-t0-x_HLPos_medB-x-t0-x_011.d,Sample,,11/23/2015 10:15 PM,67466.0547,92484.4058,87925.3982,90170.0788,77987.1728,89851.2483,89804.5695,10204.3250,126341.6585,87104.7411,86045.8244,83077.4677,81681.4503,71461.6051,108273.2063,85205.5141,75638.8602,51925.0718,96566.6779,85159.6529
!,!,9B05-B-t10-d1,20151123_SJ_OAM1_6460_9B05-B-t10-d1_HLPos_9B05-B-t10-d1_012.d,Sample,,11/23/2015 10:55 PM,0.0000,236.2711,0.0000,39724.0566,37363.3378,0.0000,8132.7779,357.8847,5853.3634,0.0000,13186.6142,0.0000,0.0000,92.4498,0.0000,0.0000,289.1326,0.0000,1878.7725,0.0000
,!,L13-B-t5-d1,20151123_SJ_OAM1_6460_L13-B-t5-d1_HLPos_L13-B-t5-d1_013.d,Sample,,11/23/2015 11:36 PM,78542.3942,75521.5699,87517.2697,74845.5727,79773.5749,62793.4789,84181.4671,9023.6982,78608.4350,67169.8290,79521.3716,23549.5210,118275.8935,24913.8073,79982.4285,81904.7710,68123.7570,62922.8303,88715.4964,71805.3165
!,!,L13-B-t2-d1,20151123_SJ_OAM1_6460_L13-B-t2-d1_HLPos_L13-B-t2-d1_014.d,Sample,,11/24/2015 12:17 AM,69927.4051,88854.9731,90089.6398,87947.8884,83475.1320,81194.6801,90238.0218,9724.3196,97068.3080,87072.5248,92504.7993,89416.6158,88720.2656,91655.3336,92124.9508,98525.9035,92381.5585,101003.7307,99477.9851,91484.3341
!,!,3B10-B-t7-d1,20151123_SJ_OAM1_6460_3B10-B-t7-d1_HLPos_3B10-B-t7-d1_015.d,Sample,,11/24/2015 12:58 AM,0.0000,72625.6697,0.0000,54002.5681,71142.6699,40713.4051,0.0000,403.9688,17508.5560,1485.3229,1359.6536,115.4333,25179.0109,126.0649,,0.0000,1901.3296,0.0000,83444.3578,723.9261
!,!,9B05-A-t6-d2,20151123_SJ_OAM1_6460_9B05-A-t6-d2_HLPos_9B05-A-t6-d2_016.d,Sample,,11/24/2015 1:38 AM,67541.6222,66156.9660,80884.9153,80970.0845,77187.9190,38572.6255,81607.4655,9236.1924,11118.6398,18572.7975,77314.7825,65.3050,117874.6242,255.4966,0.0000,4159.4268,3174.0931,0.0000,91785.1044,33860.9539
!,!,H2O-x-t0-x,20151123_SJ_OAM1_6460_H2O-x-t0-x_HLPos_H2O-x-t0-x_017.d,Sample,,11/24/2015 2:19 AM,0.0000,267.6278,,635.7366,0.0000,0.0000,0.0000,350.1292,20721.7590,0.0000,1355.9879,0.0000,0.0000,92.6183,0.0000,0.0000,209.0957,0.0000,1906.1504,0.0000
!,!,L13-B-t8-d1,20151123_SJ_OAM1_6460_L13-B-t8-d1_HLPos_L13-B-t8-d1_018.d,Sample,,11/24/2015 3:00 AM,47286.9353,239.0256,35509.9318,26554.2424,58017.9108,0.0000,47235.9754,496.2562,6327.6994,212.8862,34010.6979,0.0000,75585.6944,92.5114,0.0000,0.0000,1119.5002,0.0000,3333.5595,0.0000
!,!,9B05-A-t10-d2,20151123_SJ_OAM1_6460_9B05-A-t10-d2_HLPos_9B05-A-t10-d2_019.d,Sample,,11/24/2015 3:40 AM,0.0000,234.3287,10.2187,37706.9270,37633.5567,0.0000,8647.1316,355.7919,6685.8193,0.0000,13257.2258,0.0000,0.0000,91.3147,0.0000,0.0000,281.9969,0.0000,1846.3984,0.0000
!,!,medB-x-t26-x,20151123_SJ_OAM1_6460_medB-x-t26-x_HLPos_medB-x-t26-x_020.d,Sample,,11/24/2015 4:21 AM,73702.9701,99016.9335,101407.3873,99522.4777,86460.3826,88697.5556,98051.3583,11656.1789,121028.3877,95763.0710,95037.1276,100901.5410,94605.1294,107628.0773,86026.1697,107796.2871,100234.1430,85270.9603,108495.9202,99578.1522
!,!,L13-C-t6-d1,20151123_SJ_OAM1_6460_L13-C-t6-d1_HLPos_L13-C-t6-d1_021.d,Sample,,11/24/2015 5:02 AM,61014.8342,67445.8111,71381.3287,67880.4805,82731.3756,36153.9514,84255.1728,9362.0402,65037.1889,32534.2577,73002.3037,299.6483,130650.3535,575.0585,41733.4807,55329.3739,18458.1427,10603.3186,79581.6598,55088.1258
,!,9B05-A-t7-d2,20151123_SJ_OAM1_6460_9B05-A-t7-d2_HLPos_9B05-A-t7-d2_022.d,Sample,,11/24/2015 5:42 AM,54483.3587,21787.5182,45057.1419,63634.0188,63155.1953,0.0000,63761.2940,6293.7394,10115.6173,72.4601,49640.2345,0.0000,65960.9044,95.9034,0.0000,89.8116,2068.1770,0.0000,49005.5331,121.2036
,!,9B05-A-t26-d1,20151123_SJ_OAM1_6460_9B05-A-t26-d1_HLPos_9B05-A-t26-d1_023.d,Sample,,11/24/2015 6:23 AM,0.0000,346.4037,0.0000,34455.0427,32329.2643,0.0000,0.0000,389.5736,7025.7395,0.0000,1376.7633,0.0000,0.0000,96.0609,0.0000,0.0000,202.8290,0.0000,1911.5418,0.0000
,!,L13-B-t7-d1,20151123_SJ_OAM1_6460_L13-B-t7-d1_HLPos_L13-B-t7-d1_024.d,Sample,,11/24/2015 7:04 AM,64520.3781,38386.8471,64853.9633,62067.8668,78817.0378,0.0000,74452.7658,8359.7944,33922.5253,485.1888,59821.6054,0.0000,108673.3796,91.8862,779.5728,6438.0008,1745.8033,0.0000,73172.2215,0.0000
,!,3B10-B-t6-d1,20151123_SJ_OAM1_6460_3B10-B-t6-d1_HLPos_3B10-B-t6-d1_025.d,Sample,,11/24/2015 7:45 AM,0.0000,72183.7308,0.0000,66039.8487,70178.6550,54600.3276,848.0792,1669.4544,12788.4979,1931.9297,1364.5741,0.0000,107410.5550,109.4624,0.0000,49.7254,1487.1291,0.0000,87911.6206,0.0000
!,!,9B05-C-t9-d1,20151123_SJ_OAM1_6460_9B05-C-t9-d1_HLPos_9B05-C-t9-d1_027.d,Sample,,11/24/2015 9:06 AM,13441.8803,245.1420,11096.4560,45319.9488,46116.8589,0.0000,30386.9672,381.2632,6788.5845,0.0000,24768.2523,0.0000,0.0000,92.8608,0.0000,0.0000,578.2995,0.0000,1867.7366,0.0000
!,!,3B10-A-t10-d2,20151123_SJ_OAM1_6460_3B10-A-t10-d2_HLPos_3B10-A-t10-d2_028.d,Sample,,11/24/2015 9:47 AM,0.0000,46124.8410,0.0000,22089.8293,68473.6400,0.0000,0.0000,421.2307,11135.0183,43.1356,1385.4976,77.0386,0.0000,105.3290,0.0000,0.0000,1347.9452,0.0000,1905.3587,0.0000
!,!,H2O-x-t0-x,20151123_SJ_OAM1_6460_H2O-x-t0-x_HLPos_H2O-x-t0-x_029.d,Sample,,11/24/2015 10:27 AM,0.0000,269.6659,0.0000,641.5413,0.0000,0.0000,0.0000,351.3558,17751.8378,0.0000,1358.5071,0.0000,0.0000,90.5254,0.0000,0.0000,208.4066,0.0000,1832.0474,0.0000
,!,3B10-B-t26-d1,20151123_SJ_OAM1_6460_3B10-B-t26-d1_HLPos_3B10-B-t26-d1_030.d,Sample,,11/24/2015 11:08 AM,0.0000,24046.9552,0.0000,860.7379,23421.7572,18.8885,0.0000,1698.5387,10303.7346,575.3804,1423.8116,1296.8211,0.0000,239.1901,0.0000,0.0000,6272.2586,8.3509,4143.2999,0.0000
,!,9B05-C-t2-d1,20151123_SJ_OAM1_6460_9B05-C-t2-d1_HLPos_9B05-C-t2-d1_031.d,Sample,,11/24/2015 11:49 AM,97018.7907,94912.4531,88646.7310,97556.7479,96458.0276,86935.7922,97913.9986,8460.8643,86808.7911,93529.0955,90672.3852,85360.3552,97039.1235,87524.9436,104692.6586,92094.0368,92855.1463,87783.4286,92076.6774,92202.4286
!,!,9B05-C-t12-d1,20151123_SJ_OAM1_6460_9B05-C-t12-d1_HLPos_9B05-C-t12-d1_032.d,Sample,,11/24/2015 12:29 PM,0.0000,236.2704,0.0000,37533.7667,35830.7267,0.0000,8091.6136,357.7632,6272.1460,0.0000,12811.0398,0.0000,0.0000,92.1624,0.0000,0.0000,273.8038,0.0000,1874.5497,0.0000
,!,medB-x-t0-x,20151123_SJ_OAM1_6460_medB-x-t0-x_HLPos_medB-x-t0-x_033.d,Sample,,11/24/2015 1:10 PM,74342.2643,94762.5203,90563.4221,97262.4537,90344.6082,85371.6008,94172.5420,9836.1183,104652.5248,92627.7349,87434.9819,96106.8967,85241.2474,88768.2354,82270.9455,89688.9083,95270.3137,86397.0277,88313.0707,92316.9500
!,!,L13-B-t0-d1,20151123_SJ_OAM1_6460_L13-B-t0-d1_HLPos_L13-B-t0-d1_034.d,Sample,,11/24/2015 1:51 PM,71511.1021,89655.8453,87033.4600,92873.4175,85730.0706,81086.5683,89395.7299,9186.4411,109509.7443,88075.6170,85778.7153,95653.3017,86601.7102,93832.2991,77095.3892,93479.1913,97834.9432,86167.9140,88882.4554,89579.6128
,!,9B05-B-t3-d1,20151123_SJ_OAM1_6460_9B05-B-t3-d1_HLPos_9B05-B-t3-d1_035.d,Sample,,11/24/2015 2:32 PM,90936.9926,94124.2449,98806.9777,95578.0352,93513.4728,84879.9373,95548.1393,8743.3628,84524.2614,89992.3362,90256.7925,80517.8680,97475.2619,84460.2885,86321.8019,89320.4596,92465.1317,83205.9483,83136.3914,87340.9148
!,!,3B10-B-t4-d1,20151123_SJ_OAM1_6460_3B10-B-t4-d1_HLPos_3B10-B-t4-d1_036.d,Sample,,11/24/2015 3:12 PM,76204.4791,92035.6481,80592.8357,95405.3315,86571.0618,87533.7155,82667.3739,7319.3472,10906.6518,78726.5283,83703.7292,65095.2949,104271.0863,88678.5800,67707.4680,60956.1311,108702.7487,66773.5495,94650.9304,85212.2861
,!,3B10-A-t5-d2,20151123_SJ_OAM1_6460_3B10-A-t5-d2_HLPos_3B10-A-t5-d2_037.d,Sample,,11/24/2015 3:53 PM,47165.7572,84505.0517,53874.9453,82810.7829,78078.6333,78804.6150,59893.6530,4165.9071,13455.7084,46434.0145,61554.6028,0.0000,138888.3073,5428.5045,12418.0445,17417.4641,88622.6428,2737.0607,96425.7340,63014.1201
!,!,9B05-C-t26-d1,20151123_SJ_OAM1_6460_9B05-C-t26-d1_HLPos_9B05-C-t26-d1_038.d,Sample,,11/24/2015 4:34 PM,0.0000,342.9900,0.0000,39276.0285,32724.0894,0.0000,0.0000,390.6174,7714.6457,0.0000,1374.5501,0.0000,0.0000,97.9950,0.0000,0.0000,247.9714,0.0000,1917.7220,0.0000
!,!,3B10-B-t11-d1,20151123_SJ_OAM1_6460_3B10-B-t11-d1_HLPos_3B10-B-t11-d1_039.d,Sample,,11/24/2015 5:14 PM,0.0000,36288.9673,0.0000,7376.5478,59927.9184,0.0000,0.0000,362.4822,10239.2531,0.0000,1352.1561,0.0000,0.0000,95.4636,0.0000,0.0000,1254.7533,0.0000,1890.9810,0.0000
!,!,medB-x-t0-x,20151123_SJ_OAM1_6460_medB-x-t0-x_HLPos_medB-x-t0-x_040.d,Sample,,11/24/2015 5:55 PM,68147.7200,85489.0122,83898.1104,87582.5443,82499.5504,81764.8207,85399.3319,8595.7616,94153.5298,83549.7563,78655.0384,92930.1600,81308.1622,90432.4304,66480.1028,87802.3713,87551.8518,70803.1119,81911.4490,84529.3994
!,!,9B05-B-t2-d1,20151123_SJ_OAM1_6460_9B05-B-t2-d1_HLPos_9B05-B-t2-d1_041.d,Sample,,11/24/2015 6:36 PM,93532.5812,94752.7651,87624.8472,98738.2509,94955.7309,91757.5911,98991.8781,8466.9914,84631.7272,92062.5249,89265.0638,92533.4156,90660.7030,93126.5603,82209.9949,91599.4107,96144.1965,85166.1882,85159.6165,87036.0179
,!,9B05-B-t8-d1,20151123_SJ_OAM1_6460_9B05-B-t8-d1_HLPos_9B05-B-t8-d1_042.d,Sample,,11/24/2015 7:16 PM,40486.7878,248.0387,26958.7161,49381.8566,53710.6639,0.0000,45879.7270,410.3047,7438.8241,0.0000,35116.8206,0.0000,15605.0183,94.4825,0.0000,0.0000,771.9414,0.0000,1894.5733,0.0000
!,!,3B10-B-t2-d1,20151123_SJ_OAM1_6460_3B10-B-t2-d1_HLPos_3B10-B-t2-d1_043.d,Sample,,11/24/2015 7:57 PM,77168.0557,97099.3841,94494.2419,100173.4056,94400.8811,93581.2269,96266.3288,9080.3426,88735.3367,93658.4613,90194.3200,96532.6217,89860.5822,95866.5824,78223.4917,88584.3066,99679.0307,87170.1037,92330.1022,93899.2534
,!,medB-x-t0-x,20151123_SJ_OAM1_6460_medB-x-t0-x_HLPos_medB-x-t0-x_044.d,Sample,,11/24/2015 8:38 PM,93654.6508,95416.4975,95350.0191,96648.3561,91420.6263,91457.9479,95214.4686,9492.5950,97318.2019,92796.0651,86508.0811,100783.6423,82522.5787,96914.2658,73281.4537,91917.6619,99194.3082,92305.5438,89198.0395,92252.6279
,!,L13-A-t0-d2,20151123_SJ_OAM1_6460_L13-A-t0-d2_HLPos_L13-A-t0-d2_045.d,Sample,,11/24/2015 9:19 PM,74100.3995,95967.5985,95124.6599,97188.1193,94854.0379,92474.0459,95715.8902,9721.7104,111527.1600,94354.4690,92339.5721,106458.4113,95276.3751,111541.5645,76512.7848,105672.8765,113798.5428,114384.9707,98648.8060,97526.9693
,!,3B10-C-t4-d1,20151123_SJ_OAM1_6460_3B10-C-t4-d1_HLPos_3B10-C-t4-d1_047.d,Sample,,11/24/2015 10:40 PM,62573.1325,92069.6797,79903.3037,92757.7363,87782.2240,88434.7440,83295.1012,7349.2065,13523.1434,79192.9370,81672.2570,64377.4412,100990.5275,83083.6971,71505.6935,58283.4807,105028.7622,64251.1274,87954.2574,81254.2030
!,!,3B10-A-t7-d2,20151123_SJ_OAM1_6460_3B10-A-t7-d2_HLPos_3B10-A-t7-d2_048.d,Sample,,11/24/2015 11:21 PM,0.0000,73146.4801,0.0000,55935.3551,74326.6520,41416.5470,0.0000,410.0293,17545.7224,1444.7646,1359.7781,115.9762,30086.9955,122.1753,,0.0000,1862.4199,0.0000,86393.8501,446.7504
!,!,H2O-x-t0-x,20151123_SJ_OAM1_6460_H2O-x-t0-x_HLPos_H2O-x-t0-x_049.d,Sample,,11/25/2015 12:01 AM,0.0000,273.6019,0.0000,650.2110,0.0000,0.0000,0.0000,352.6574,19365.1544,0.0000,1359.0191,0.0000,0.0000,,0.0000,0.0000,227.8505,,1869.0013,0.0000
,!,9B05-A-t0-d2,20151123_SJ_OAM1_6460_9B05-A-t0-d2_HLPos_9B05-A-t0-d2_050.d,Sample,,11/25/2015 12:42 AM,78238.1295,97777.5286,109901.4715,100159.3984,92965.2081,94824.0019,98838.6918,9909.0138,99769.7092,97568.6215,93405.4591,103960.8744,97447.1444,102114.3754,86331.7923,102179.4515,105246.4848,100575.9206,97552.2464,96566.0218
!,!,L13-A-t11-d2,20151123_SJ_OAM1_6460_L13-A-t11-d2_HLPos_L13-A-t11-d2_051.d,Sample,,11/25/2015 1:23 AM,0.0000,226.8478,0.0000,936.3421,41420.7849,0.0000,0.0000,343.0710,4837.9475,0.0000,1355.6138,0.0000,0.0000,88.6703,0.0000,0.0000,224.7147,0.0000,1884.4380,0.0000
,!,L13-A-t2-d2,20151123_SJ_OAM1_6460_L13-A-t2-d2_HLPos_L13-A-t2-d2_052.d,Sample,,11/25/2015 2:03 AM,71577.1239,87356.7519,86049.0613,86636.1771,85973.0010,84011.4122,89273.4358,8802.3177,81724.3100,86534.4203,85114.1301,91686.8163,88061.5547,88934.0405,77817.8860,90988.1315,97102.3897,97683.9585,85560.5447,84457.4896
!,!,H2O-x-t0-x,20151123_SJ_OAM1_6460_H2O-x-t0-x_HLPos_H2O-x-t0-x_053.d,Sample,,11/25/2015 2:44 AM,0.0000,271.4908,0.0000,644.2101,0.0000,0.0000,0.0000,350.8419,27801.7740,0.0000,1356.9690,0.0000,0.0000,95.0387,0.0000,0.0000,240.5531,,1851.3674,0.0000
,!,L13-A-t4-d2,20151123_SJ_OAM1_6460_L13-A-t4-d2_HLPos_L13-A-t4-d2_054.d,Sample,,11/25/2015 3:25 AM,69925.1303,82347.5060,95345.5461,81330.6982,86869.5307,72851.2214,88518.4945,8629.1055,78450.0224,80444.9099,83838.5256,64264.7046,95847.2483,68417.1004,85619.9387,86741.1218,92401.5731,93641.8896,80455.9724,78000.3201
!,!,3B10-C-t0-d1,20151123_SJ_OAM1_6460_3B10-C-t0-d1_HLPos_3B10-C-t0-d1_055.d,Sample,,11/25/2015 4:06 AM,78471.8801,97167.1775,108714.0835,94346.5020,91898.7308,93731.8389,97842.2021,9343.0256,93194.4948,94637.8130,87187.5416,97039.0456,87764.7036,85810.8423,83591.6769,86717.7479,90694.9035,74208.4263,83559.3073,87836.2153
,!,L13-C-t4-d1,20151123_SJ_OAM1_6460_L13-C-t4-d1_HLPos_L13-C-t4-d1_056.d,Sample,,11/25/2015 4:46 AM,67384.3481,84537.8338,86815.9178,83656.6918,86128.5679,73663.9296,89502.0756,9268.6888,77262.3132,80120.3890,82194.0278,68319.3525,87230.5701,58010.2602,72515.0299,76225.9498,83427.3194,67170.7932,74969.6384,74606.8260
,!,3B10-A-t8-d2,20151123_SJ_OAM1_6460_3B10-A-t8-d2_HLPos_3B10-A-t8-d2_057.d,Sample,,11/25/2015 5:27 AM,0.0000,62606.1564,0.0000,38768.2722,73123.4814,10433.4269,0.0000,390.1064,16488.9404,350.1262,1368.3180,237.9003,0.0000,123.1080,0.0000,0.0000,1893.9385,0.0000,46260.4366,436.1063
!,!,9B05-A-t8-d2,20151123_SJ_OAM1_6460_9B05-A-t8-d2_HLPos_9B05-A-t8-d2_058.d,Sample,,11/25/2015 6:08 AM,39042.2417,298.1920,31056.5741,47672.6409,51025.9106,0.0000,45536.6232,394.0753,8059.3322,0.0000,34802.7616,180.0617,16772.2922,144.3937,0.0000,0.0000,854.9020,0.0000,1957.2832,0.0000
!,!,3B10-A-t3-d2,20151123_SJ_OAM1_6460_3B10-A-t3-d2_HLPos_3B10-A-t3-d2_059.d,Sample,,11/25/2015 6:48 AM,66767.0499,94511.3196,83111.3461,96440.6489,87516.0498,90436.7525,90779.3324,8900.0267,21356.1567,90842.9809,87476.6398,89158.7663,97398.0993,96546.0726,73193.3208,82414.0950,110557.9468,91279.9720,91153.1713,90916.9436
!,!,L13-B-t9-d1,20151123_SJ_OAM1_6460_L13-B-t9-d1_HLPos_L13-B-t9-d1_060.d,Sample,,11/25/2015 7:29 AM,7109.9534,234.8828,11760.2702,935.7016,60064.2517,0.0000,29870.3880,360.8375,5429.9711,22.8473,22382.5075,0.0000,21565.7697,91.9671,0.0000,0.0000,1209.2472,0.0000,1907.1860,0.0000
,!,L13-C-t5-d1,20151123_SJ_OAM1_6460_L13-C-t5-d1_HLPos_L13-C-t5-d1_061.d,Sample,,11/25/2015 8:10 AM,66518.1140,79516.8857,92215.1277,81748.9998,87448.8451,67525.4685,86808.4935,9222.7273,74859.7520,66368.7798,81185.3874,22034.9161,128564.2227,25448.8446,63824.0918,84196.8915,81553.2037,68807.0276,81873.0245,72989.8524
,!,3B10-B-t3-d1,20151123_SJ_OAM1_6460_3B10-B-t3-d1_HLPos_3B10-B-t3-d1_062.d,Sample,,11/25/2015 8:50 AM,68867.4782,94768.0603,100848.1921,95911.1026,90207.2879,89534.9832,90803.4159,8531.2231,17548.0315,89442.5720,84116.9388,86977.7264,91503.8924,87193.9871,68343.1588,73570.0973,102693.1853,79772.2769,87018.1141,88114.6793
!,!,9B05-C-t7-d1,20151123_SJ_OAM1_6460_9B05-C-t7-d1_HLPos_9B05-C-t7-d1_063.d,Sample,,11/25/2015 9:31 AM,56004.5575,22065.4543,43557.8606,56001.2570,65895.3063,0.0000,63128.2722,5826.4605,9535.8089,44.2618,48646.0995,0.0000,64636.9781,98.7540,0.0000,0.0000,1882.7323,0.0000,44712.9885,141.2861
!,!,3B10-C-t11-d1,20151123_SJ_OAM1_6460_3B10-C-t11-d1_HLPos_3B10-C-t11-d1_064.d,Sample,,11/25/2015 10:12 AM,0.0000,39000.7835,0.0000,6041.3897,65287.3503,0.0000,0.0000,364.7033,10696.9931,0.0000,1357.6937,0.0000,0.0000,98.3128,0.0000,0.0000,1402.1069,0.0000,1934.7080,0.0000
!,!,L13-A-t8-d2,20151123_SJ_OAM1_6460_L13-A-t8-d2_HLPos_L13-A-t8-d2_065.d,Sample,,11/25/2015 10:53 AM,51445.4294,240.7104,31552.6781,27683.6205,63724.1594,0.0000,51157.8834,425.7170,6593.2712,207.2604,35375.9412,0.0000,77555.1716,92.0242,0.0000,0.0000,1212.4321,0.0000,2841.2663,0.0000
!,!,L13-C-t8-d1,20151123_SJ_OAM1_6460_L13-C-t8-d1_HLPos_L13-C-t8-d1_067.d,Sample,,11/25/2015 11:20 PM,49230.1615,237.8604,31293.0550,27376.6605,64943.8011,0.0000,53936.2885,431.8328,6285.1608,220.7377,35069.9240,0.0000,80192.7060,92.5442,0.0000,0.0000,1280.1783,0.0000,2362.5073,0.0000
!,!,L13-A-t26-d1,20151123_SJ_OAM1_6460_L13-A-t26-d1_HLPos_L13-A-t26-d1_068.d,Sample,,11/26/2015 12:01 AM,0.0000,339.9871,0.0000,730.7932,26204.0188,0.0000,0.0000,366.6060,5604.0024,0.0000,1357.4362,0.0000,0.0000,95.0288,0.0000,0.0000,214.4718,,1840.3820,0.0000
,!,3B10-A-t26-d1,20151123_SJ_OAM1_6460_3B10-A-t26-d1_HLPos_3B10-A-t26-d1_069.d,Sample,,11/26/2015 12:41 AM,0.0000,26668.0714,0.0000,4239.4189,25158.9010,33.9855,0.0000,1581.9126,10227.3435,698.3018,1436.0731,1417.3505,0.0000,268.4466,0.0000,0.0000,5530.9951,38.3140,3932.1063,0.0000
,!,medB-x-t0-x,20151123_SJ_OAM1_6460_medB-x-t0-x_HLPos_medB-x-t0-x_071.d,Sample,,11/26/2015 1:22 AM,73827.7460,93433.8288,87157.3383,93421.3066,88868.3927,90965.1708,93054.7263,9777.9346,98158.4114,91750.2261,85132.7381,97775.0132,86188.8608,92079.7075,78890.9692,89353.9207,96916.6413,85747.7135,87200.6615,87445.6116
!,!,L13-B-t6-d1,20151123_SJ_OAM1_6460_L13-B-t6-d1_HLPos_L13-B-t6-d1_073.d,Sample,,11/26/2015 2:03 AM,61131.2244,66508.7120,71065.3985,68999.7542,84004.8213,37478.7129,82226.1405,9119.4609,57638.3605,32781.2608,71324.9619,0.0000,126713.3030,105.4041,38712.1343,52767.3059,19534.8557,10037.3736,75932.3538,55561.7058
!,!,L13-B-t4-d1,20151123_SJ_OAM1_6460_L13-B-t4-d1_HLPos_L13-B-t4-d1_075.d,Sample,,11/26/2015 2:44 AM,68116.9063,83351.5467,95944.6751,81596.0625,87344.6969,77701.3683,87224.9841,8905.9944,79310.9483,79297.7869,80833.6767,68811.3058,86059.4274,57493.9964,69950.1430,75475.5862,67838.3367,43859.2705,75686.1544,75128.9279
,!,medB-x-t0-x,20151123_SJ_OAM1_6460_medB-x-t0-x_HLPos_medB-x-t0-x_077.d,Sample,,11/26/2015 3:24 AM,70624.7108,94967.5064,94755.2856,96171.3951,88738.7467,92426.5693,93472.7093,10176.1055,94572.1490,92568.3928,87267.0984,103751.5025,87761.6172,99244.1041,68440.4243,93759.4415,103168.9163,90806.2483,88623.2475,91071.4678
!,!,3B10-C-t26-d1,20151123_SJ_OAM1_6460_3B10-C-t26-d1_HLPos_3B10-C-t26-d1_078.d,Sample,,11/26/2015 4:05 AM,0.0000,24607.2421,0.0000,,28493.2073,0.0000,0.0000,2058.0323,10540.7964,613.4350,1416.6261,1369.3887,0.0000,269.5082,0.0000,0.0000,6237.9909,141.1208,4627.3419,39.3244
!,!,L13-A-t10-d2,20151123_SJ_OAM1_6460_L13-A-t10-d2_HLPos_L13-A-t10-d2_083.d,Sample,,11/26/2015 4:46 AM,0.0000,227.7616,0.0000,867.4601,50185.2872,0.0000,0.0000,346.7805,5084.2731,0.0000,3044.3225,0.0000,0.0000,91.6653,0.0000,0.0000,230.0166,0.0000,1839.9124,0.0000
!,!,L13-B-t11-d1,20151123_SJ_OAM1_6460_L13-B-t11-d1_HLPos_L13-B-t11-d1_085.d,Sample,,11/26/2015 5:26 AM,0.0000,224.1808,0.0000,680.0232,40075.1066,0.0000,0.0000,343.2606,4505.2870,0.0000,1350.2304,0.0000,0.0000,88.4688,0.0000,0.0000,217.8172,,1842.2545,0.0000
,!,L13-C-t2-d1,20151123_SJ_OAM1_6460_L13-C-t2-d1_HLPos_L13-C-t2-d1_088.d,Sample,,11/26/2015 6:48 AM,73234.0413,89530.8123,85742.3706,87603.4338,92061.2500,90078.5854,92423.5688,9316.3218,81458.4132,89421.3940,86798.3222,91940.9781,84785.1728,77415.1779,83058.1954,81336.3263,89406.9245,72904.7691,81066.9746,83790.9602
!,!,L13-A-t3-d2,20151123_SJ_OAM1_6460_L13-A-t3-d2_HLPos_L13-A-t3-d2_090.d,Sample,,11/26/2015 7:28 AM,73910.5220,84667.9108,84102.9163,82843.1993,90711.3060,82731.7049,87433.7841,7916.9831,71135.5852,82891.3478,80990.5126,80510.5723,84493.4986,72105.5145,83337.4390,77078.1312,81030.7561,66675.3483,73425.1182,76608.1585
!,!,L13-C-t26-d1,20151123_SJ_OAM1_6460_L13-C-t26-d1_HLPos_L13-C-t26-d1_092.d,Sample,,11/26/2015 8:09 AM,0.0000,392.4753,0.0000,939.8959,27957.0170,0.0000,0.0000,370.2979,7455.2856,0.0000,1364.5529,0.0000,0.0000,100.9316,0.0000,0.0000,228.7982,0.0000,1900.1395,0.0000
!,!,medB-x-t0-x,20151123_SJ_OAM1_6460_medB-x-t0-x_HLPos_medB-x-t0-x_093.d,Sample,,11/26/2015 8:50 AM,75145.4548,95394.8515,87740.8089,96037.9475,91655.2545,93767.9222,93906.3972,9661.6267,94157.2617,91663.7196,83064.6899,96095.6987,77915.8002,81612.6062,78833.0682,81208.9637,89913.8237,69857.2028,82066.2674,86461.1491
,!,L13-B-t10-d1,20151123_SJ_OAM1_6460_L13-B-t10-d1_HLPos_L13-B-t10-d1_095.d,Sample,,11/26/2015 9:31 AM,0.0000,227.7419,0.0000,905.0593,49966.5919,0.0000,0.0000,346.4559,4644.1887,0.0000,2980.2319,0.0000,0.0000,89.9322,0.0000,0.0000,249.8541,0.0000,1867.7207,0.0000
,!,L13-C-t3-d1,20151123_SJ_OAM1_6460_L13-C-t3-d1_HLPos_L13-C-t3-d1_098.d,Sample,,11/26/2015 10:11 AM,69044.1739,86822.7599,87712.8719,83999.1174,90738.0068,79304.0872,87242.3998,8389.0489,74547.6816,75988.4704,72764.7626,75565.8711,74974.8229,63177.4016,72849.4507,68501.3451,74588.6977,55906.4220,66681.1671,70019.3798
!,!,H2O-x-t0-x,20151123_SJ_OAM1_6460_H2O-x-t0-x_HLPos_H2O-x-t0-x_100.d,Sample,,11/26/2015 10:52 AM,0.0000,272.8848,0.0000,649.1275,0.0000,0.0000,0.0000,352.2152,23447.0471,0.0000,1358.3247,0.0000,0.0000,93.6579,0.0000,0.0000,236.3663,0.0000,1851.1964,0.0000
!,!,L13-C-t12-d1,20151123_SJ_OAM1_6460_L13-C-t12-d1_HLPos_L13-C-t12-d1_101.d,Sample,,11/26/2015 11:33 AM,0.0000,225.3220,0.0000,1416.7840,37990.5086,0.0000,0.0000,341.6629,5260.2529,0.0000,1352.3878,0.0000,0.0000,88.3630,0.0000,0.0000,211.5019,,1838.1259,0.0000
,!,medB-x-t0-x,20151123_SJ_OAM1_6460_medB-x-t0-x_HLPos_medB-x-t0-x_104.d,Sample,,11/26/2015 12:13 PM,74810.2878,94947.2356,88311.3021,97117.6848,90911.0943,95451.2288,92522.4931,9243.1758,83806.1310,93359.4483,83557.3640,90919.7501,80792.7806,77071.2405,85917.8578,77198.3811,82319.8732,62185.5082,75254.6939,86654.3078
!,!,L13-C-t10-d1,20151123_SJ_OAM1_6460_L13-C-t10-d1_HLPos_L13-C-t10-d1_105.d,Sample,,11/26/2015 12:54 PM,0.0000,226.0974,0.0000,844.2684,53019.1661,0.0000,0.0000,344.6157,4995.8037,0.0000,2499.2752,0.0000,0.0000,89.9572,0.0000,0.0000,279.5255,0.0000,1862.5059,0.0000
!,!,L13-B-t3-d1,20151123_SJ_OAM1_6460_L13-B-t3-d1_HLPos_L13-B-t3-d1_110.d,Sample,,11/26/2015 2:16 PM,70044.7472,88042.7834,83976.5405,87269.5254,91792.2960,86334.7886,90043.4569,8748.5157,79446.9534,86001.0451,83833.1708,80255.8370,80742.2670,69563.0060,90150.8385,75886.7243,75636.1037,62933.8361,78890.9334,80547.0578
!,!,medB-x-t0-x,20151123_SJ_OAM1_6460_medB-x-t0-x_HLPos_medB-x-t0-x_111.d,Sample,,11/26/2015 2:56 PM,76366.0072,100371.3865,88455.2985,95083.7221,93514.3819,97782.0036,95935.6258,10194.1828,106706.6665,94981.7006,86496.7202,95649.5139,84783.2543,81174.3964,88107.9672,82278.8589,83629.3648,68278.2603,86602.5634,91546.0284
!,!,H2O-x-t0-x,20151123_SJ_OAM1_6460_H2O-x-t0-x_HLPos_H2O-x-t0-x_115.d,Sample,,11/26/2015 3:37 PM,0.0000,278.2825,0.0000,649.9487,0.0000,0.0000,0.0000,353.7277,28964.4804,0.0000,1358.8772,,0.0000,98.8126,0.0000,0.0000,240.0241,0.0000,1857.8181,0.0000
,!,H2O-x-t26-x,20151123_SJ_OAM1_6460_H2O-x-t26-x_HLPos_H2O-x-t26-x_116.d,Sample,,11/26/2015 4:18 PM,0.0000,273.5453,0.0000,643.8621,0.0000,0.0000,0.0000,352.3189,24556.6795,0.0000,1356.3680,0.0000,0.0000,95.0335,0.0000,0.0000,214.0471,0.0000,1835.2241,0.0000
,!,L13-A-t6-d2,20151123_SJ_OAM1_6460_L13-A-t6-d2_HLPos_L13-A-t6-d2_122.d,Sample,,11/26/2015 4:58 PM,73605.7270,64707.3544,80147.1957,66527.2864,84418.8382,37788.1507,80771.4749,8521.5041,57347.0328,30900.0722,69937.4653,0.0000,125071.5032,100.5732,39850.4417,47852.7687,17732.5975,9639.2514,75031.3748,52893.4443
!,!,L13-A-t12-d2,20151123_SJ_OAM1_6460_L13-A-t12-d2_HLPos_L13-A-t12-d2_124.d,Sample,,11/26/2015 5:39 PM,0.0000,226.6485,0.0000,1368.3334,39007.8485,0.0000,0.0000,341.7508,5092.0303,0.0000,1354.3333,0.0000,0.0000,90.6027,0.0000,0.0000,209.4351,0.0000,1874.9562,0.0000
,!,L13-A-t7-d2,20151123_SJ_OAM1_6460_L13-A-t7-d2_HLPos_L13-A-t7-d2_125.d,Sample,,11/26/2015 6:20 PM,67446.8499,36827.7540,64452.1991,45413.3436,80542.8093,0.0000,74822.2754,7920.5980,32020.0860,397.2273,58219.5499,0.0000,99844.9677,90.1917,0.0000,3499.3206,1451.0955,0.0000,62482.5971,0.0000
,!,medB-x-t0-x,20151123_SJ_OAM1_6460_medB-x-t0-x_HLPos_medB-x-t0-x_126.d,Sample,,11/26/2015 7:00 PM,87768.8622,95902.8458,86246.9599,96312.6845,90727.8006,94416.3843,92350.6893,9578.4263,97136.9268,90970.6788,83343.2234,95022.3274,81786.8759,80987.8979,80186.5352,80497.4571,78729.6422,54626.5821,82242.5122,86024.9055
!,!,L13-C-t0-d1,20151123_SJ_OAM1_6460_L13-C-t0-d1_HLPos_L13-C-t0-d1_127.d,Sample,,11/26/2015 7:41 PM,87677.0045,93876.3496,90996.9641,88292.1939,88072.1207,90661.6067,89662.4374,10070.2752,119577.0087,89027.7877,85225.1739,99276.4469,86410.2747,98323.7793,70701.6155,91821.8263,89069.7019,70101.8413,87182.8504,86864.8055
!,!,L13-B-t12-d1,20151123_SJ_OAM1_6460_L13-B-t12-d1_HLPos_L13-B-t12-d1_133.d,Sample,,11/26/2015 9:03 PM,0.0000,224.6932,0.0000,1040.6071,36271.4281,0.0000,0.0000,341.5155,5197.6011,0.0000,1353.3022,0.0000,0.0000,91.0450,,0.0000,204.7853,0.0000,1846.8131,0.0000
!,!,L13-C-t11-d1,20151123_SJ_OAM1_6460_L13-C-t11-d1_HLPos_L13-C-t11-d1_134.d,Sample,,11/26/2015 9:43 PM,0.0000,224.8296,0.0000,994.4539,43298.5597,0.0000,0.0000,341.7894,4483.5667,0.0000,1350.3012,0.0000,0.0000,91.2151,0.0000,0.0000,223.6048,,1832.2676,0.0000
!,!,H2O-x-t0-x,20151123_SJ_OAM1_6460_H2O-x-t0-x_HLPos_H2O-x-t0-x_135.d,Sample,,11/26/2015 10:24 PM,0.0000,273.0577,0.0000,637.1555,0.0000,0.0000,0.0000,352.9783,18908.6733,0.0000,1356.8977,0.0000,0.0000,94.7763,0.0000,0.0000,213.0871,0.0000,1836.1414,0.0000
!,!,H2O-x-t0-x,20151123_SJ_OAM1_6460_H2O-x-t0-x_HLPos_H2O-x-t0-x_139.d,Sample,,11/26/2015 11:05 PM,0.0000,273.3235,0.0000,704.0227,0.0000,0.0000,0.0000,353.0564,21749.6434,0.0000,1358.0727,0.0000,0.0000,,0.0000,0.0000,208.9033,0.0000,1833.6276,0.0000
!,!,H2O-x-t0-x,20151123_SJ_OAM1_6460_H2O-x-t0-x_HLPos_H2O-x-t0-x_140.d,Sample,,11/26/2015 11:45 PM,0.0000,271.4398,0.0000,652.5309,0.0000,0.0000,0.0000,352.2376,16251.0466,0.0000,1356.2409,0.0000,0.0000,94.0639,0.0000,0.0000,188.9859,0.0000,1849.9034,0.0000
!,!,L13-A-t9-d2,20151123_SJ_OAM1_6460_L13-A-t9-d2_HLPos_L13-A-t9-d2_142.d,Sample,,11/27/2015 12:26 AM,7692.0563,232.7333,12340.5169,645.8064,59067.1878,0.0000,29375.8425,358.5309,5463.6171,0.0000,20993.4928,0.0000,23848.7631,90.9898,0.0000,0.0000,942.2647,0.0000,1838.0346,0.0000
!,!,L13-B-t26-d1,20151123_SJ_OAM1_6460_L13-B-t26-d1_HLPos_L13-B-t26-d1_143.d,Sample,,11/27/2015 1:07 AM,0.0000,342.6500,0.0000,821.0924,23046.1149,0.0000,0.0000,359.3112,5782.2875,0.0000,1349.5667,0.0000,0.0000,93.2602,0.0000,0.0000,186.7326,0.0000,1839.6176,0.0000
!,!,H2O-x-t0-x,20151123_SJ_OAM1_6460_H2O-x-t0-x_HLPos_H2O-x-t0-x_145.d,Sample,,11/27/2015 1:47 AM,0.0000,274.8708,0.0000,638.0414,0.0000,0.0000,0.0000,352.6306,21350.2752,0.0000,1355.8406,0.0000,0.0000,,,0.0000,206.1621,0.0000,1826.5067,0.0000
!,!,9B05-B-t26-d1,20151123_SJ_OAM1_6460_9B05-B-t26-d1_HLPos_9B05-B-t26-d1_147.d,Sample,,11/27/2015 3:09 AM,0.0000,340.8000,0.0000,39878.2113,33684.8485,0.0000,0.0000,399.2505,6980.4702,0.0000,1372.4838,0.0000,0.0000,96.3484,,0.0000,197.5989,0.0000,1845.6105,0.0000
!,!,H2O-x-t0-x,20151123_SJ_OAM1_6460_H2O-x-t0-x_HLPos_H2O-x-t0-x_148.d,Sample,,11/27/2015 3:50 AM,0.0000,265.8037,0.0000,680.9301,0.0000,0.0000,0.0000,350.9890,14610.0528,0.0000,1356.4591,0.0000,0.0000,93.9426,,0.0000,199.1573,0.0000,1824.3242,0.0000
!,!,L13-A-t5-d2,20151123_SJ_OAM1_6460_L13-A-t5-d2_HLPos_L13-A-t5-d2_149.d,Sample,,11/27/2015 4:30 AM,66842.3319,77440.9461,75996.0376,76152.3618,87597.1280,69472.8970,85671.0137,8472.4310,64422.0478,68817.3317,78630.7663,16296.8857,111212.4485,19530.4983,74668.4251,74609.7267,55934.6512,42821.8598,61622.8861,66238.8786
,!,L13-C-t7-d1,20151123_SJ_OAM1_6460_L13-C-t7-d1_HLPos_L13-C-t7-d1_150.d,Sample,,11/27/2015 5:11 AM,63503.3283,35929.8000,59418.4191,54579.8897,83676.5344,0.0000,78455.8329,8038.5274,27648.7609,409.8306,56814.1171,0.0000,99236.4578,90.0334,0.0000,3917.2217,1559.6618,0.0000,64400.7726,0.0000
!,!,H2O-x-t0-x,20151123_SJ_OAM1_6460_H2O-x-t0-x_HLPos_H2O-x-t0-x_151.d,Sample,,11/27/2015 5:52 AM,0.0000,272.0364,0.0000,708.4535,0.0000,0.0000,0.0000,351.9958,18322.3090,0.0000,1358.6173,0.0000,0.0000,93.9553,0.0000,0.0000,199.8773,0.0000,1883.8285,0.0000
,!,medB-x-t0-x,20151123_SJ_OAM1_6460_medB-x-t0-x_HLPos_medB-x-t0-x_152.d,Sample,,11/27/2015 6:32 AM,71635.1053,89197.1417,91349.1198,87693.3492,77978.2849,87252.5939,84044.8634,10938.9484,105683.2988,83770.7204,78558.8537,87017.4920,73220.1698,79281.1244,68952.5803,81741.9526,78322.0030,67478.4367,79485.5508,78003.2501
,!,medB-x-t0-x,20151123_SJ_OAM1_6460_medB-x-t0-x_HLPos_medB-x-t0-x_154.d,Sample,,11/27/2015 7:13 AM,90733.1006,96491.7185,107410.8522,88306.1762,92207.3819,96001.3546,94175.1900,9543.5617,92722.8203,93229.2154,85555.3990,95131.6349,82855.4265,79526.1650,83901.6511,80105.1020,81654.1846,62957.5253,79680.9131,86844.1812
!,!,L13-C-t9-d1,20151123_SJ_OAM1_6460_L13-C-t9-d1_HLPos_L13-C-t9-d1_155.d,Sample,,11/27/2015 7:54 AM,5769.4371,233.6516,12654.5137,922.8270,64821.7200,0.0000,30917.3423,360.8135,5280.9766,6.8841,22121.2784,0.0000,20197.0631,92.6921,0.0000,0.0000,1215.1489,0.0000,1904.5277,0.0000
,!,3B10-B-t5-d1,20151127_SJ_OAM1_6460_3B10-B-t5-d1_HLPos_3B10-B-t5-d1_076.d,Sample,,11/27/2015 10:05 PM,42843.2011,83524.1120,55014.6970,78727.5107,76062.5089,81473.2888,55606.4363,4129.5821,12746.0876,42679.5725,58875.0338,0.0000,125648.1412,2589.8118,7631.5155,14409.5442,74561.5530,1101.3067,95194.9145,59708.1892
!,!,9B05-B-t0-d1,20151127_SJ_OAM1_6460_9B05-B-t0-d1_HLPos_9B05-B-t0-d1_079.d,Sample,,11/27/2015 10:46 PM,86421.1477,96617.4968,94022.5426,90664.6872,91429.0821,95088.2552,91654.1977,10062.9801,99514.8659,92736.2518,89834.3846,97676.2107,90005.3657,94540.3425,87344.6622,91442.8218,91418.0769,80698.6529,91136.8096,89833.6135
,!,3B10-B-t0-d1,20151127_SJ_OAM1_6460_3B10-B-t0-d1_HLPos_3B10-B-t0-d1_080.d,Sample,,11/27/2015 11:26 PM,86643.2760,97627.3999,98663.2228,93351.4606,91388.2719,96258.0607,93208.2831,10181.9121,101522.7384,92908.3783,88551.4381,101295.9045,90016.2974,97139.9588,79261.6710,90838.5399,95530.4938,79771.3656,92842.0210,91914.8607
,!,9B05-C-t8-d1,20151127_SJ_OAM1_6460_9B05-C-t8-d1_HLPos_9B05-C-t8-d1_081.d,Sample,,11/28/2015 12:07 AM,35678.4682,250.7383,30270.6913,44430.4858,54770.6248,0.0000,44362.8400,412.0182,6954.3259,0.0000,33760.4429,0.0000,15621.6938,93.6703,0.0000,0.0000,798.1867,0.0000,1893.0936,0.0000
!,!,3B10-A-t9-d2,20151127_SJ_OAM1_6460_3B10-A-t9-d2_HLPos_3B10-A-t9-d2_082.d,Sample,,11/28/2015 12:48 AM,0.0000,57992.1746,0.0000,18801.6000,73819.0379,0.0000,0.0000,464.7002,12618.8651,1071.6529,1352.8897,639.4705,0.0000,145.0754,,0.0000,1632.3550,0.0000,1862.4900,0.0000
,!,3B10-C-t5-d1,20151127_SJ_OAM1_6460_3B10-C-t5-d1_HLPos_3B10-C-t5-d1_084.d,Sample,,11/28/2015 1:29 AM,42725.6683,81511.9760,54750.9779,75611.1085,73094.2527,78934.4863,55019.1013,4098.9033,12103.0370,42090.2623,57494.0853,0.0000,129928.5619,5210.9105,9053.9978,14314.4669,78985.6918,2614.2124,90200.5581,57876.3050
,!,3B10-A-t0-d2,20151127_SJ_OAM1_6460_3B10-A-t0-d2_HLPos_3B10-A-t0-d2_087.d,Sample,,11/28/2015 2:50 AM,93751.0289,99012.8497,85758.2337,94250.9643,93933.7349,98189.9840,94732.5882,10602.0750,96740.0989,96053.6711,90559.3248,104187.0702,93155.8636,101531.0516,80889.9016,93448.9418,99746.6504,84317.0330,92774.0736,91577.5062
,!,9B05-A-t9-d2,20151127_SJ_OAM1_6460_9B05-A-t9-d2_HLPos_9B05-A-t9-d2_089.d,Sample,,11/28/2015 3:31 AM,14648.9482,247.7142,11232.9095,43465.1838,51967.6375,0.0000,31259.0124,381.7170,7112.8804,0.0000,24834.2585,0.0000,0.0000,94.4817,0.0000,0.0000,717.0733,0.0000,1889.9940,0.0000
!,!,3B10-C-t2-d1,20151127_SJ_OAM1_6460_3B10-C-t2-d1_HLPos_3B10-C-t2-d1_091.d,Sample,,11/28/2015 4:11 AM,71481.6787,96888.6506,96904.2170,92059.7142,90758.8846,97011.2010,93020.8711,9411.0893,73423.6300,93150.9842,89739.2588,96940.5577,92034.2473,95135.9546,78496.7425,89979.5666,95235.8883,80164.6201,86659.4796,89066.0624
!,!,9B05-B-t4-d1,20151127_SJ_OAM1_6460_9B05-B-t4-d1_HLPos_9B05-B-t4-d1_094.d,Sample,,11/28/2015 4:52 AM,66963.3250,88929.6902,91131.1356,84842.7119,84199.0152,86198.8185,88214.0038,9253.1888,56955.0791,81930.9441,88497.1196,61411.3728,112392.5034,67193.9164,76993.7248,82117.8569,76637.0977,62387.6303,83354.0588,77048.8925
,!,9B05-A-t3-d2,20151127_SJ_OAM1_6460_9B05-A-t3-d2_HLPos_9B05-A-t3-d2_096.d,Sample,,11/28/2015 5:33 AM,66530.9267,85215.1551,75696.2604,80426.3855,82472.8047,84163.4392,84066.3363,8433.9198,64166.9610,80229.5846,83462.6888,79634.5098,87064.2454,77489.2071,68036.8736,78041.0270,80602.7998,63290.3330,74840.8364,73953.6197
,!,9B05-A-t2-d2,20151127_SJ_OAM1_6460_9B05-A-t2-d2_HLPos_9B05-A-t2-d2_097.d,Sample,,11/28/2015 6:13 AM,85779.3641,97628.5066,99352.1913,93169.4268,89521.9124,96023.0403,94215.5793,10472.5060,87387.7097,92809.3619,91487.3220,101947.3644,90603.4910,95721.2173,65920.1019,89292.0538,99086.6459,962.7648,86131.0499,87114.7191
,!,9B05-B-t5-d1,20151127_SJ_OAM1_6460_9B05-B-t5-d1_HLPos_9B05-B-t5-d1_099.d,Sample,,11/28/2015 6:54 AM,64837.2832,84564.0004,75193.0274,85788.3534,82861.3340,77796.3290,84956.4710,9112.0477,37236.5984,68609.6319,86206.7437,6834.4591,145970.5830,9483.9897,52518.2022,76682.9669,36506.4974,12865.9995,75315.4432,68274.4708
!,!,9B05-C-t4-d1,20151127_SJ_OAM1_6460_9B05-C-t4-d1_HLPos_9B05-C-t4-d1_102.d,Sample,,11/28/2015 7:35 AM,83393.0206,89368.6357,77792.5197,85963.5858,85248.1113,86758.4089,88310.4509,9310.6423,61615.3793,81530.6319,88369.6556,63853.0833,114160.8467,71758.0485,70845.7383,87654.8804,87853.3029,68267.4553,79195.1532,77917.7829
,!,9B05-B-t6-d1,20151127_SJ_OAM1_6460_9B05-B-t6-d1_HLPos_9B05-B-t6-d1_103.d,Sample,,11/28/2015 8:15 AM,56676.8284,64599.4105,64810.4613,74223.9072,75948.5099,41970.9228,79096.3577,8997.7631,12603.3139,16316.9638,73367.0567,0.0000,127012.7992,101.4288,0.0000,1620.5151,2250.4851,0.0000,78198.2512,34238.1183
!,!,3B10-C-t7-d1,20151127_SJ_OAM1_6460_3B10-C-t7-d1_HLPos_3B10-C-t7-d1_106.d,Sample,,11/28/2015 8:56 AM,0.0000,73037.8700,0.0000,51045.8615,69215.1073,42781.2545,0.0000,405.9945,14875.4262,1343.6807,1373.5314,119.3857,29802.2036,115.5465,,0.0000,1806.1930,0.0000,77383.3721,0.0000
,!,9B05-C-t11-d1,20151127_SJ_OAM1_6460_9B05-C-t11-d1_HLPos_9B05-C-t11-d1_108.d,Sample,,11/28/2015 10:18 AM,0.0000,242.9122,0.0000,29063.8390,23768.1880,0.0000,0.0000,352.1118,4634.2213,0.0000,1791.4706,0.0000,0.0000,90.7547,0.0000,0.0000,176.0195,0.0000,1853.8606,0.0000
!,!,9B05-B-t7-d1,20151127_SJ_OAM1_6460_9B05-B-t7-d1_HLPos_9B05-B-t7-d1_109.d,Sample,,11/28/2015 10:58 AM,54832.8054,22372.4999,42816.2597,58651.8256,70421.1416,0.0000,67659.6792,6136.4722,9987.3170,49.3800,48941.7531,0.0000,63432.4661,94.8246,0.0000,6.0507,1989.9208,0.0000,46336.6585,0.0000
!,!,3B10-A-t12-d2,20151127_SJ_OAM1_6460_3B10-A-t12-d2_HLPos_3B10-A-t12-d2_112.d,Sample,,11/28/2015 11:39 AM,0.0000,32962.5369,0.0000,,58819.3172,0.0000,0.0000,360.5518,8669.7353,0.0000,1356.5875,0.0000,0.0000,89.6984,0.0000,0.0000,1393.6409,0.0000,1908.3436,0.0000
!,!,9B05-C-t6-d1,20151127_SJ_OAM1_6460_9B05-C-t6-d1_HLPos_9B05-C-t6-d1_113.d,Sample,,11/28/2015 12:20 PM,57852.1567,65006.9966,65596.9134,73895.1574,77531.5794,41701.6702,80400.1245,9172.6861,11659.3190,16677.9859,73852.2626,0.0000,123322.2560,91.7941,0.0000,1615.2886,2037.4470,0.0000,73816.5347,33776.0642
,!,3B10-A-t2-d2,20151127_SJ_OAM1_6460_3B10-A-t2-d2_HLPos_3B10-A-t2-d2_114.d,Sample,,11/28/2015 1:00 PM,69550.1989,97507.4466,98349.5856,91570.6334,89300.0009,96934.5843,93368.4592,9740.3030,76041.3371,93654.0072,89437.3920,100215.1845,92943.0046,99928.1048,66964.0246,88560.5851,104171.1596,83871.3181,87256.4093,85403.6736
!,!,3B10-B-t8-d1,20151127_SJ_OAM1_6460_3B10-B-t8-d1_HLPos_3B10-B-t8-d1_117.d,Sample,,11/28/2015 1:41 PM,0.0000,68026.2943,0.0000,37384.0051,76682.6076,7892.2639,0.0000,390.0598,15263.5382,272.2466,1351.0732,215.2370,0.0000,120.0863,0.0000,0.0000,1802.1582,0.0000,40464.0862,0.0000
!,!,9B05-B-t12-d1,20151127_SJ_OAM1_6460_9B05-B-t12-d1_HLPos_9B05-B-t12-d1_118.d,Sample,,11/28/2015 2:22 PM,0.0000,242.4806,0.0000,39861.3477,38101.1140,0.0000,0.0000,354.2973,5649.0879,0.0000,1666.3575,0.0000,0.0000,88.5816,0.0000,0.0000,224.8734,,1883.0642,0.0000
,!,3B10-C-t8-d1,20151127_SJ_OAM1_6460_3B10-C-t8-d1_HLPos_3B10-C-t8-d1_119.d,Sample,,11/28/2015 3:02 PM,0.0000,65462.6474,0.0000,40365.1470,80186.8350,8328.2879,0.0000,390.1451,17513.0046,317.7395,1360.1439,160.6317,0.0000,117.7792,0.0000,0.0000,1872.9595,0.0000,41917.8232,0.0000
,!,3B10-A-t4-d2,20151127_SJ_OAM1_6460_3B10-A-t4-d2_HLPos_3B10-A-t4-d2_120.d,Sample,,11/28/2015 3:43 PM,59669.0811,94420.8565,86907.6608,91921.7311,86624.7691,97065.8299,85182.3725,8086.0182,14267.9399,83854.6393,87619.4229,73265.7842,110816.0553,90455.1610,66755.5598,60537.5875,114421.4219,67604.4640,80104.9160,80165.7426
!,!,3B10-B-t12-d1,20151127_SJ_OAM1_6460_3B10-B-t12-d1_HLPos_3B10-B-t12-d1_121.d,Sample,,11/28/2015 4:24 PM,0.0000,34166.1676,0.0000,983.6213,62063.5899,0.0000,0.0000,357.8165,9729.7718,0.0000,1362.0188,0.0000,0.0000,100.6334,0.0000,0.0000,1593.6465,0.0000,1928.1117,0.0000
!,!,9B05-A-t11-d2,20151127_SJ_OAM1_6460_9B05-A-t11-d2_HLPos_9B05-A-t11-d2_123.d,Sample,,11/28/2015 5:04 PM,0.0000,239.4603,0.0000,39399.6591,41254.6527,0.0000,0.0000,355.3631,5910.5081,0.0000,4921.5268,0.0000,0.0000,91.7528,0.0000,0.0000,221.3082,0.0000,1837.0547,0.0000
!,!,3B10-C-t12-d1,20151127_SJ_OAM1_6460_3B10-C-t12-d1_HLPos_3B10-C-t12-d1_129.d,Sample,,11/28/2015 6:26 PM,0.0000,31302.6320,0.0000,1071.8706,57445.7324,0.0000,0.0000,356.7912,9199.5242,0.0000,1354.7329,0.0000,0.0000,94.6631,0.0000,0.0000,1374.3888,0.0000,1850.3859,0.0000
!,!,3B10-B-t9-d1,20151127_SJ_OAM1_6460_3B10-B-t9-d1_HLPos_3B10-B-t9-d1_130.d,Sample,,11/28/2015 7:06 PM,0.0000,56780.0787,0.0000,27319.9625,80085.3364,0.0000,0.0000,439.6398,13331.0404,646.8230,1353.1011,391.2346,0.0000,124.0634,0.0000,0.0000,1554.6677,0.0000,1857.2188,0.0000
!,!,9B05-C-t5-d1,20151127_SJ_OAM1_6460_9B05-C-t5-d1_HLPos_9B05-C-t5-d1_131.d,Sample,,11/28/2015 7:47 PM,63631.4328,82393.9486,86095.2098,85484.2364,80596.7873,78156.4335,84994.9544,9068.6410,34136.0745,68958.7933,84438.0261,5438.3535,141043.8437,7749.7872,55597.4681,72721.0121,31585.2929,10575.9872,64881.9963,65945.7755
!,!,3B10-A-t11-d2,20151127_SJ_OAM1_6460_3B10-A-t11-d2_HLPos_3B10-A-t11-d2_132.d,Sample,,11/28/2015 8:28 PM,0.0000,38109.4192,0.0000,4009.9690,64160.8036,0.0000,0.0000,363.2848,9028.1850,0.0000,1356.8846,0.0000,0.0000,97.5589,0.0000,0.0000,1413.5147,0.0000,1902.6435,0.0000
!,!,3B10-C-t3-d1,20151127_SJ_OAM1_6460_3B10-C-t3-d1_HLPos_3B10-C-t3-d1_136.d,Sample,,11/28/2015 9:09 PM,66940.7235,96203.4412,96154.7869,91207.3653,88545.8921,97443.1914,91556.8972,8792.5882,19580.8698,91890.9930,84197.2000,83837.1969,92145.8330,78825.1098,74935.2232,75621.9140,95942.7718,63926.9262,81277.7438,85143.4178
,!,9B05-A-t5-d2,20151127_SJ_OAM1_6460_9B05-A-t5-d2_HLPos_9B05-A-t5-d2_137.d,Sample,,11/28/2015 9:49 PM,65466.0014,86988.6322,90409.3753,86089.0161,84309.2546,80432.5297,88464.0587,9520.8247,36353.6514,70506.5195,87335.7155,5715.2724,148335.7747,8009.3947,57117.1906,85812.8078,36352.1420,11283.5451,83278.9381,69999.5530
!,!,3B10-A-t6-d2,20151127_SJ_OAM1_6460_3B10-A-t6-d2_HLPos_3B10-A-t6-d2_138.d,Sample,,11/28/2015 10:30 PM,0.0000,73301.0768,0.0000,51721.4926,63329.7196,58864.3795,1568.6947,1655.5542,13666.4609,1875.8206,1358.3693,0.0000,100435.5660,111.8302,0.0000,103.6209,1561.7726,0.0000,86333.6744,317.5939
!,!,9B05-A-t4-d2,20151127_SJ_OAM1_6460_9B05-A-t4-d2_HLPos_9B05-A-t4-d2_141.d,Sample,,11/28/2015 11:11 PM,70929.8680,94125.8746,97526.3410,84721.9695,89550.9488,91097.6111,94120.6524,9943.7736,44975.2130,85953.9503,92241.8768,66582.9444,117942.1257,71695.4521,72052.1615,99086.1369,91284.4639,62652.2846,89457.4645,81384.5187
!,!,9B05-C-t10-d1,20151127_SJ_OAM1_6460_9B05-C-t10-d1_HLPos_9B05-C-t10-d1_144.d,Sample,,11/28/2015 11:51 PM,0.0000,238.0562,0.0000,39335.1124,40991.1299,0.0000,0.0000,355.6734,5732.3797,0.0000,5327.4383,0.0000,0.0000,90.9996,0.0000,0.0000,250.1520,0.0000,1908.2666,0.0000
!,!,9B05-C-t3-d1,20151127_SJ_OAM1_6460_9B05-C-t3-d1_HLPos_9B05-C-t3-d1_153.d,Sample,,11/29/2015 1:13 AM,72184.6171,94549.3041,97179.3669,90624.0295,89553.5336,95022.1656,97973.4824,9793.3649,70497.4019,90802.8678,91673.6352,88096.3583,100437.3153,87071.6828,82859.1538,86357.8661,94274.0995,73250.5341,78815.5865,85443.4718
!,!,9B05-A-t12-d2,20151127_SJ_OAM1_6460_9B05-A-t12-d2_HLPos_9B05-A-t12-d2_156.d,Sample,,11/29/2015 1:54 AM,0.0000,249.1535,0.0000,39554.1633,39205.6685,0.0000,0.0000,353.5358,5834.1836,0.0000,1534.6762,0.0000,0.0000,89.8735,0.0000,0.0000,238.0572,0.0000,1880.7603,0.0000
